queueVersion,queueChecksum,word,candidateId,length,reviewerId,reviewedAt,source,class,confidence,note
"human-golden-queue-v1","df7f0f7182df6c606571901a416f046482b638d2fa8101d7f66a3f7247c30dc2","ACRE","3fe08fd364185700","4","","","human-review-v1","","",""
"human-golden-queue-v1","df7f0f7182df6c606571901a416f046482b638d2fa8101d7f66a3f7247c30dc2","ACT","111f368d45843647","3","","","human-review-v1","","",""
"human-golden-queue-v1","df7f0f7182df6c606571901a416f046482b638d2fa8101d7f66a3f7247c30dc2","AGE","af9b168a1577bbb7","3","","","human-review-v1","","",""
"human-golden-queue-v1","df7f0f7182df6c606571901a416f046482b638d2fa8101d7f66a3f7247c30dc2","ALICE","805fc71e2743a2f1","5","","","human-review-v1","","",""
"human-golden-queue-v1","df7f0f7182df6c606571901a416f046482b638d2fa8101d7f66a3f7247c30dc2","ANGER","46fc0e6a9aa2721c","5","","","human-review-v1","","",""
"human-golden-queue-v1","df7f0f7182df6c606571901a416f046482b638d2fa8101d7f66a3f7247c30dc2","ANT","3f7ed8e891122392","3","","","human-review-v1","","",""
"human-golden-queue-v1","df7f0f7182df6c606571901a416f046482b638d2fa8101d7f66a3f7247c30dc2","ARM","68f583132119b6fd","3","","","human-review-v1","","",""
"human-golden-queue-v1","df7f0f7182df6c606571901a416f046482b638d2fa8101d7f66a3f7247c30dc2","ART","6f3185ab9a19cb7e","3","","","human-review-v1","","",""
"human-golden-queue-v1","df7f0f7182df6c606571901a416f046482b638d2fa8101d7f66a3f7247c30dc2","ARTS","6cf6050bb13b6514","4","","","human-review-v1","","",""
"human-golden-queue-v1","df7f0f7182df6c606571901a416f046482b638d2fa8101d7f66a3f7247c30dc2","AT","8dac12b21bebfbd6","2","","","human-review-v1","","",""
"human-golden-queue-v1","df7f0f7182df6c606571901a416f046482b638d2fa8101d7f66a3f7247c30dc2","BAD","8f5ae8520d78c720","3","","","human-review-v1","","",""
"human-golden-queue-v1","df7f0f7182df6c606571901a416f046482b638d2fa8101d7f66a3f7247c30dc2","BADWORD","4284fe4de060f262","7","","","human-review-v1","","",""
"human-golden-queue-v1","df7f0f7182df6c606571901a416f046482b638d2fa8101d7f66a3f7247c30dc2","BARE","17dc1575c843b6b8","4","","","human-review-v1","","",""
"human-golden-queue-v1","df7f0f7182df6c606571901a416f046482b638d2fa8101d7f66a3f7247c30dc2","BEAR","00a79154c5fd3aa4","4","","","human-review-v1","","",""
"human-golden-queue-v1","df7f0f7182df6c606571901a416f046482b638d2fa8101d7f66a3f7247c30dc2","BED","932db7ddf3179ded","3","","","human-review-v1","","",""
"human-golden-queue-v1","df7f0f7182df6c606571901a416f046482b638d2fa8101d7f66a3f7247c30dc2","BIRTH","059997b2925f77b1","5","","","human-review-v1","","",""
"human-golden-queue-v1","df7f0f7182df6c606571901a416f046482b638d2fa8101d7f66a3f7247c30dc2","BIT","57f853763227fc14","3","","","human-review-v1","","",""
"human-golden-queue-v1","df7f0f7182df6c606571901a416f046482b638d2fa8101d7f66a3f7247c30dc2","BREAD","d399f171ff631caa","5","","","human-review-v1","","",""
"human-golden-queue-v1","df7f0f7182df6c606571901a416f046482b638d2fa8101d7f66a3f7247c30dc2","BRIGHT","9101134e54d0ae29","6","","","human-review-v1","","",""
"human-golden-queue-v1","df7f0f7182df6c606571901a416f046482b638d2fa8101d7f66a3f7247c30dc2","CAFÉ","35ccf36219e845ee","4","","","human-review-v1","","",""
"human-golden-queue-v1","df7f0f7182df6c606571901a416f046482b638d2fa8101d7f66a3f7247c30dc2","CAN","054dc06dd4c1fe87","3","","","human-review-v1","","",""
"human-golden-queue-v1","df7f0f7182df6c606571901a416f046482b638d2fa8101d7f66a3f7247c30dc2","CAN'T","73cfc7a390f5d4db","5","","","human-review-v1","","",""
"human-golden-queue-v1","df7f0f7182df6c606571901a416f046482b638d2fa8101d7f66a3f7247c30dc2","CANDLE","7a5c8b6e5b7362e2","6","","","human-review-v1","","",""
"human-golden-queue-v1","df7f0f7182df6c606571901a416f046482b638d2fa8101d7f66a3f7247c30dc2","CARD","77d037b08e1741df","4","","","human-review-v1","","",""
"human-golden-queue-v1","df7f0f7182df6c606571901a416f046482b638d2fa8101d7f66a3f7247c30dc2","CARE","8b9cdb5e2f28c0d2","4","","","human-review-v1","","",""
"human-golden-queue-v1","df7f0f7182df6c606571901a416f046482b638d2fa8101d7f66a3f7247c30dc2","CART","f3f05d3f3a943407","4","","","human-review-v1","","",""
"human-golden-queue-v1","df7f0f7182df6c606571901a416f046482b638d2fa8101d7f66a3f7247c30dc2","CASTLE","0e2787f2f5d9abbb","6","","","human-review-v1","","",""
"human-golden-queue-v1","df7f0f7182df6c606571901a416f046482b638d2fa8101d7f66a3f7247c30dc2","CAT","54a2956f388c39f2","3","","","human-review-v1","","",""
"human-golden-queue-v1","df7f0f7182df6c606571901a416f046482b638d2fa8101d7f66a3f7247c30dc2","CATER","3fb67bdc8c5a05e6","5","","","human-review-v1","","",""
"human-golden-queue-v1","df7f0f7182df6c606571901a416f046482b638d2fa8101d7f66a3f7247c30dc2","CLEAN","d570cc9f2d6a1108","5","","","human-review-v1","","",""
"human-golden-queue-v1","df7f0f7182df6c606571901a416f046482b638d2fa8101d7f66a3f7247c30dc2","CLEATS","6491e3990b0159de","6","","","human-review-v1","","",""
"human-golden-queue-v1","df7f0f7182df6c606571901a416f046482b638d2fa8101d7f66a3f7247c30dc2","CLOUD","08fb7e7481174d35","5","","","human-review-v1","","",""
"human-golden-queue-v1","df7f0f7182df6c606571901a416f046482b638d2fa8101d7f66a3f7247c30dc2","CO-OP","56cd9f418af80f66","5","","","human-review-v1","","",""
"human-golden-queue-v1","df7f0f7182df6c606571901a416f046482b638d2fa8101d7f66a3f7247c30dc2","COD","64adcdfa83628c97","3","","","human-review-v1","","",""
"human-golden-queue-v1","df7f0f7182df6c606571901a416f046482b638d2fa8101d7f66a3f7247c30dc2","COLD","6784e44219e7b0e3","4","","","human-review-v1","","",""
"human-golden-queue-v1","df7f0f7182df6c606571901a416f046482b638d2fa8101d7f66a3f7247c30dc2","CRATE","ab896b8b444518ae","5","","","human-review-v1","","",""
"human-golden-queue-v1","df7f0f7182df6c606571901a416f046482b638d2fa8101d7f66a3f7247c30dc2","DANCE","be5182e36f59d680","5","","","human-review-v1","","",""
"human-golden-queue-v1","df7f0f7182df6c606571901a416f046482b638d2fa8101d7f66a3f7247c30dc2","DANGER","238faf2609e4efd9","6","","","human-review-v1","","",""
"human-golden-queue-v1","df7f0f7182df6c606571901a416f046482b638d2fa8101d7f66a3f7247c30dc2","DARE","294b29b34548090d","4","","","human-review-v1","","",""
"human-golden-queue-v1","df7f0f7182df6c606571901a416f046482b638d2fa8101d7f66a3f7247c30dc2","DEAL","2aab8081f855d37f","4","","","human-review-v1","","",""
"human-golden-queue-v1","df7f0f7182df6c606571901a416f046482b638d2fa8101d7f66a3f7247c30dc2","DO","5e76e933725e2070","2","","","human-review-v1","","",""
"human-golden-queue-v1","df7f0f7182df6c606571901a416f046482b638d2fa8101d7f66a3f7247c30dc2","DOC","43ccb43f11b8235a","3","","","human-review-v1","","",""
"human-golden-queue-v1","df7f0f7182df6c606571901a416f046482b638d2fa8101d7f66a3f7247c30dc2","DOG","644c7482a5b0302e","3","","","human-review-v1","","",""
"human-golden-queue-v1","df7f0f7182df6c606571901a416f046482b638d2fa8101d7f66a3f7247c30dc2","DOWNER","ae6fe6d5c9a71950","6","","","human-review-v1","","",""
"human-golden-queue-v1","df7f0f7182df6c606571901a416f046482b638d2fa8101d7f66a3f7247c30dc2","DROWN","5f54c8ea846520e7","5","","","human-review-v1","","",""
"human-golden-queue-v1","df7f0f7182df6c606571901a416f046482b638d2fa8101d7f66a3f7247c30dc2","EAR","dae7a699fe9d97fa","3","","","human-review-v1","","",""
"human-golden-queue-v1","df7f0f7182df6c606571901a416f046482b638d2fa8101d7f66a3f7247c30dc2","EARS","d873ffdab371e873","4","","","human-review-v1","","",""
"human-golden-queue-v1","df7f0f7182df6c606571901a416f046482b638d2fa8101d7f66a3f7247c30dc2","EARTH","aee402d942516658","5","","","human-review-v1","","",""
"human-golden-queue-v1","df7f0f7182df6c606571901a416f046482b638d2fa8101d7f66a3f7247c30dc2","EAST","73f29e4be6598583","4","","","human-review-v1","","",""
"human-golden-queue-v1","df7f0f7182df6c606571901a416f046482b638d2fa8101d7f66a3f7247c30dc2","ELM","96118377e2ebdd19","3","","","human-review-v1","","",""
"human-golden-queue-v1","df7f0f7182df6c606571901a416f046482b638d2fa8101d7f66a3f7247c30dc2","END","f5dffd5b5300a4d7","3","","","human-review-v1","","",""
"human-golden-queue-v1","df7f0f7182df6c606571901a416f046482b638d2fa8101d7f66a3f7247c30dc2","EON","73f2e58a3e4e435b","3","","","human-review-v1","","",""
"human-golden-queue-v1","df7f0f7182df6c606571901a416f046482b638d2fa8101d7f66a3f7247c30dc2","FERN","0f0f4dd98e8d7ee2","4","","","human-review-v1","","",""
"human-golden-queue-v1","df7f0f7182df6c606571901a416f046482b638d2fa8101d7f66a3f7247c30dc2","FIND","565ac6c91ef9c78f","4","","","human-review-v1","","",""
"human-golden-queue-v1","df7f0f7182df6c606571901a416f046482b638d2fa8101d7f66a3f7247c30dc2","FINE","423a5f8468d481c0","4","","","human-review-v1","","",""
"human-golden-queue-v1","df7f0f7182df6c606571901a416f046482b638d2fa8101d7f66a3f7247c30dc2","FLOE","2b034e7bf5156bd7","4","","","human-review-v1","","",""
"human-golden-queue-v1","df7f0f7182df6c606571901a416f046482b638d2fa8101d7f66a3f7247c30dc2","FLOWER","f4b5980328d32ac4","6","","","human-review-v1","","",""
"human-golden-queue-v1","df7f0f7182df6c606571901a416f046482b638d2fa8101d7f66a3f7247c30dc2","FOWLER","6cda939fc88ea5d9","6","","","human-review-v1","","",""
"human-golden-queue-v1","df7f0f7182df6c606571901a416f046482b638d2fa8101d7f66a3f7247c30dc2","FREE","f0187ee8411fb1e1","4","","","human-review-v1","","",""
"human-golden-queue-v1","df7f0f7182df6c606571901a416f046482b638d2fa8101d7f66a3f7247c30dc2","GARDEN","396c87f085e266a8","6","","","human-review-v1","","",""
"human-golden-queue-v1","df7f0f7182df6c606571901a416f046482b638d2fa8101d7f66a3f7247c30dc2","GIRTH","0703ea05a1cf3c43","5","","","human-review-v1","","",""
"human-golden-queue-v1","df7f0f7182df6c606571901a416f046482b638d2fa8101d7f66a3f7247c30dc2","GO","9573f1b9142f0e09","2","","","human-review-v1","","",""
"human-golden-queue-v1","df7f0f7182df6c606571901a416f046482b638d2fa8101d7f66a3f7247c30dc2","GOD","2247444390df28e3","3","","","human-review-v1","","",""
"human-golden-queue-v1","df7f0f7182df6c606571901a416f046482b638d2fa8101d7f66a3f7247c30dc2","GRADE","53ed7f93d2f5da1e","5","","","human-review-v1","","",""
"human-golden-queue-v1","df7f0f7182df6c606571901a416f046482b638d2fa8101d7f66a3f7247c30dc2","GROAN","47722bbdda9457ae","5","","","human-review-v1","","",""
"human-golden-queue-v1","df7f0f7182df6c606571901a416f046482b638d2fa8101d7f66a3f7247c30dc2","HARD","4531643a7c1646cc","4","","","human-review-v1","","",""
"human-golden-queue-v1","df7f0f7182df6c606571901a416f046482b638d2fa8101d7f66a3f7247c30dc2","HARE","1d82063624a9b0f2","4","","","human-review-v1","","",""
"human-golden-queue-v1","df7f0f7182df6c606571901a416f046482b638d2fa8101d7f66a3f7247c30dc2","HEAR","2751c918b2db75c8","4","","","human-review-v1","","",""
"human-golden-queue-v1","df7f0f7182df6c606571901a416f046482b638d2fa8101d7f66a3f7247c30dc2","HEART","52a74d4e0d7270b8","5","","","human-review-v1","","",""
"human-golden-queue-v1","df7f0f7182df6c606571901a416f046482b638d2fa8101d7f66a3f7247c30dc2","HIT","f55e0c4521707cdc","3","","","human-review-v1","","",""
"human-golden-queue-v1","df7f0f7182df6c606571901a416f046482b638d2fa8101d7f66a3f7247c30dc2","HOME","135fcf0c034d318b","4","","","human-review-v1","","",""
"human-golden-queue-v1","df7f0f7182df6c606571901a416f046482b638d2fa8101d7f66a3f7247c30dc2","HONE","7370d8c2bc097e20","4","","","human-review-v1","","",""
"human-golden-queue-v1","df7f0f7182df6c606571901a416f046482b638d2fa8101d7f66a3f7247c30dc2","HOSE","c05906f92e7bc681","4","","","human-review-v1","","",""
"human-golden-queue-v1","df7f0f7182df6c606571901a416f046482b638d2fa8101d7f66a3f7247c30dc2","KIND","d1cdd5a2a5ba0d5e","4","","","human-review-v1","","",""
"human-golden-queue-v1","df7f0f7182df6c606571901a416f046482b638d2fa8101d7f66a3f7247c30dc2","KING","644a29018da8dc2b","4","","","human-review-v1","","",""
"human-golden-queue-v1","df7f0f7182df6c606571901a416f046482b638d2fa8101d7f66a3f7247c30dc2","LANCE","95c1ed4e5cadb6c8","5","","","human-review-v1","","",""
"human-golden-queue-v1","df7f0f7182df6c606571901a416f046482b638d2fa8101d7f66a3f7247c30dc2","LANCED","b7e74296c3a382e0","6","","","human-review-v1","","",""
"human-golden-queue-v1","df7f0f7182df6c606571901a416f046482b638d2fa8101d7f66a3f7247c30dc2","LAP","5a0d61fb94763a89","3","","","human-review-v1","","",""
"human-golden-queue-v1","df7f0f7182df6c606571901a416f046482b638d2fa8101d7f66a3f7247c30dc2","LATE","eb05e9c7184637c9","4","","","human-review-v1","","",""
"human-golden-queue-v1","df7f0f7182df6c606571901a416f046482b638d2fa8101d7f66a3f7247c30dc2","LEAD","051c2a4d6c65e35a","4","","","human-review-v1","","",""
"human-golden-queue-v1","df7f0f7182df6c606571901a416f046482b638d2fa8101d7f66a3f7247c30dc2","LEANT","f3274c3f87534cb8","5","","","human-review-v1","","",""
"human-golden-queue-v1","df7f0f7182df6c606571901a416f046482b638d2fa8101d7f66a3f7247c30dc2","LEAP","5a010b28093d5df4","4","","","human-review-v1","","",""
"human-golden-queue-v1","df7f0f7182df6c606571901a416f046482b638d2fa8101d7f66a3f7247c30dc2","LED","c94387ae553212c3","3","","","human-review-v1","","",""
"human-golden-queue-v1","df7f0f7182df6c606571901a416f046482b638d2fa8101d7f66a3f7247c30dc2","LIE","d25259d6187d9da6","3","","","human-review-v1","","",""
"human-golden-queue-v1","df7f0f7182df6c606571901a416f046482b638d2fa8101d7f66a3f7247c30dc2","LIME","9a9084b6aa18a17a","4","","","human-review-v1","","",""
"human-golden-queue-v1","df7f0f7182df6c606571901a416f046482b638d2fa8101d7f66a3f7247c30dc2","LINE","c171707271c35962","4","","","human-review-v1","","",""
"human-golden-queue-v1","df7f0f7182df6c606571901a416f046482b638d2fa8101d7f66a3f7247c30dc2","LONE","4073d08ba64a90fa","4","","","human-review-v1","","",""
"human-golden-queue-v1","df7f0f7182df6c606571901a416f046482b638d2fa8101d7f66a3f7247c30dc2","LONG","7ffee210664e5c97","4","","","human-review-v1","","",""
"human-golden-queue-v1","df7f0f7182df6c606571901a416f046482b638d2fa8101d7f66a3f7247c30dc2","LOUD","8296f91ebb3fffb2","4","","","human-review-v1","","",""
"human-golden-queue-v1","df7f0f7182df6c606571901a416f046482b638d2fa8101d7f66a3f7247c30dc2","LOWER","06ef88da293df914","5","","","human-review-v1","","",""
"human-golden-queue-v1","df7f0f7182df6c606571901a416f046482b638d2fa8101d7f66a3f7247c30dc2","MAKER","b7fc779622a502e2","5","","","human-review-v1","","",""
"human-golden-queue-v1","df7f0f7182df6c606571901a416f046482b638d2fa8101d7f66a3f7247c30dc2","MARKET","927fd78ed02f5179","6","","","human-review-v1","","",""
"human-golden-queue-v1","df7f0f7182df6c606571901a416f046482b638d2fa8101d7f66a3f7247c30dc2","MASTER","6cc1eba747479db7","6","","","human-review-v1","","",""
"human-golden-queue-v1","df7f0f7182df6c606571901a416f046482b638d2fa8101d7f66a3f7247c30dc2","MATE","466f23f1ce3e2ee7","4","","","human-review-v1","","",""
"human-golden-queue-v1","df7f0f7182df6c606571901a416f046482b638d2fa8101d7f66a3f7247c30dc2","MEAT","0b65c7906a2676ac","4","","","human-review-v1","","",""
"human-golden-queue-v1","df7f0f7182df6c606571901a416f046482b638d2fa8101d7f66a3f7247c30dc2","MESH","b246fc2a78038849","4","","","human-review-v1","","",""
"human-golden-queue-v1","df7f0f7182df6c606571901a416f046482b638d2fa8101d7f66a3f7247c30dc2","MET","a35c118cf1845041","3","","","human-review-v1","","",""
"human-golden-queue-v1","df7f0f7182df6c606571901a416f046482b638d2fa8101d7f66a3f7247c30dc2","MILE","1e011114b3ec6e33","4","","","human-review-v1","","",""
"human-golden-queue-v1","df7f0f7182df6c606571901a416f046482b638d2fa8101d7f66a3f7247c30dc2","MILES","af424e5c3a5fdc3f","5","","","human-review-v1","","",""
"human-golden-queue-v1","df7f0f7182df6c606571901a416f046482b638d2fa8101d7f66a3f7247c30dc2","MIND","116003952a9d0c40","4","","","human-review-v1","","",""
"human-golden-queue-v1","df7f0f7182df6c606571901a416f046482b638d2fa8101d7f66a3f7247c30dc2","MINE","8c32ba6fbe3f660a","4","","","human-review-v1","","",""
"human-golden-queue-v1","df7f0f7182df6c606571901a416f046482b638d2fa8101d7f66a3f7247c30dc2","MONO","7671ef89ef7cc3f3","4","","","human-review-v1","","",""
"human-golden-queue-v1","df7f0f7182df6c606571901a416f046482b638d2fa8101d7f66a3f7247c30dc2","MOO","e727a405dbe51ddb","3","","","human-review-v1","","",""
"human-golden-queue-v1","df7f0f7182df6c606571901a416f046482b638d2fa8101d7f66a3f7247c30dc2","MOON","461a17dfad64c8b6","4","","","human-review-v1","","",""
"human-golden-queue-v1","df7f0f7182df6c606571901a416f046482b638d2fa8101d7f66a3f7247c30dc2","NAP","2d1fe8c71bf755f9","3","","","human-review-v1","","",""
"human-golden-queue-v1","df7f0f7182df6c606571901a416f046482b638d2fa8101d7f66a3f7247c30dc2","NASA","2d459d139f58736f","4","","","human-review-v1","","",""
"human-golden-queue-v1","df7f0f7182df6c606571901a416f046482b638d2fa8101d7f66a3f7247c30dc2","NET","2b10083be669562a","3","","","human-review-v1","","",""
"human-golden-queue-v1","df7f0f7182df6c606571901a416f046482b638d2fa8101d7f66a3f7247c30dc2","NOTE","43587d49f7a32ca9","4","","","human-review-v1","","",""
"human-golden-queue-v1","df7f0f7182df6c606571901a416f046482b638d2fa8101d7f66a3f7247c30dc2","NOTES","9da5e4d1dd09ebad","5","","","human-review-v1","","",""
"human-golden-queue-v1","df7f0f7182df6c606571901a416f046482b638d2fa8101d7f66a3f7247c30dc2","NOW","8611cfc760d90ba2","3","","","human-review-v1","","",""
"human-golden-queue-v1","df7f0f7182df6c606571901a416f046482b638d2fa8101d7f66a3f7247c30dc2","OLD","1bb3863d18987022","3","","","human-review-v1","","",""
"human-golden-queue-v1","df7f0f7182df6c606571901a416f046482b638d2fa8101d7f66a3f7247c30dc2","ON","35ad04f994a23cda","2","","","human-review-v1","","",""
"human-golden-queue-v1","df7f0f7182df6c606571901a416f046482b638d2fa8101d7f66a3f7247c30dc2","ONE","bd06ba8c968f2c00","3","","","human-review-v1","","",""
"human-golden-queue-v1","df7f0f7182df6c606571901a416f046482b638d2fa8101d7f66a3f7247c30dc2","ORANGE","0019f362419a6840","6","","","human-review-v1","","",""
"human-golden-queue-v1","df7f0f7182df6c606571901a416f046482b638d2fa8101d7f66a3f7247c30dc2","ORGAN","6f8c8bc43502d278","5","","","human-review-v1","","",""
"human-golden-queue-v1","df7f0f7182df6c606571901a416f046482b638d2fa8101d7f66a3f7247c30dc2","OWE","481bee427f372b6e","3","","","human-review-v1","","",""
"human-golden-queue-v1","df7f0f7182df6c606571901a416f046482b638d2fa8101d7f66a3f7247c30dc2","OWNER","2315608e59b22ad7","5","","","human-review-v1","","",""
"human-golden-queue-v1","df7f0f7182df6c606571901a416f046482b638d2fa8101d7f66a3f7247c30dc2","PANEL","a36ec9ea4a04a41a","5","","","human-review-v1","","",""
"human-golden-queue-v1","df7f0f7182df6c606571901a416f046482b638d2fa8101d7f66a3f7247c30dc2","PANT","71a79fb50b8517c4","4","","","human-review-v1","","",""
"human-golden-queue-v1","df7f0f7182df6c606571901a416f046482b638d2fa8101d7f66a3f7247c30dc2","PEAR","9e059f6570e59a71","4","","","human-review-v1","","",""
"human-golden-queue-v1","df7f0f7182df6c606571901a416f046482b638d2fa8101d7f66a3f7247c30dc2","PEARL","b1e9901399d6369f","5","","","human-review-v1","","",""
"human-golden-queue-v1","df7f0f7182df6c606571901a416f046482b638d2fa8101d7f66a3f7247c30dc2","PEN","539846b6ae6d3365","3","","","human-review-v1","","",""
"human-golden-queue-v1","df7f0f7182df6c606571901a416f046482b638d2fa8101d7f66a3f7247c30dc2","PLAN","618f3ccb7f7a58d1","4","","","human-review-v1","","",""
"human-golden-queue-v1","df7f0f7182df6c606571901a416f046482b638d2fa8101d7f66a3f7247c30dc2","PLANE","886ec5172f7bbc54","5","","","human-review-v1","","",""
"human-golden-queue-v1","df7f0f7182df6c606571901a416f046482b638d2fa8101d7f66a3f7247c30dc2","PLANET","d0373d2093ae7f8c","6","","","human-review-v1","","",""
"human-golden-queue-v1","df7f0f7182df6c606571901a416f046482b638d2fa8101d7f66a3f7247c30dc2","PLANT","cd4883f8113257cb","5","","","human-review-v1","","",""
"human-golden-queue-v1","df7f0f7182df6c606571901a416f046482b638d2fa8101d7f66a3f7247c30dc2","PLEA","82302490f8629233","4","","","human-review-v1","","",""
"human-golden-queue-v1","df7f0f7182df6c606571901a416f046482b638d2fa8101d7f66a3f7247c30dc2","PLEAD","61707bf084498b02","5","","","human-review-v1","","",""
"human-golden-queue-v1","df7f0f7182df6c606571901a416f046482b638d2fa8101d7f66a3f7247c30dc2","RACE","e8ce2551f4c49921","4","","","human-review-v1","","",""
"human-golden-queue-v1","df7f0f7182df6c606571901a416f046482b638d2fa8101d7f66a3f7247c30dc2","RAM","39d25db9a8e3eb0e","3","","","human-review-v1","","",""
"human-golden-queue-v1","df7f0f7182df6c606571901a416f046482b638d2fa8101d7f66a3f7247c30dc2","RAN","9bf40e6b8c5566f7","3","","","human-review-v1","","",""
"human-golden-queue-v1","df7f0f7182df6c606571901a416f046482b638d2fa8101d7f66a3f7247c30dc2","RANGE","031b73d8d4c49ad6","5","","","human-review-v1","","",""
"human-golden-queue-v1","df7f0f7182df6c606571901a416f046482b638d2fa8101d7f66a3f7247c30dc2","RAT","2dd28c952ba69363","3","","","human-review-v1","","",""
"human-golden-queue-v1","df7f0f7182df6c606571901a416f046482b638d2fa8101d7f66a3f7247c30dc2","RATE","e1efaa6fedc84a29","4","","","human-review-v1","","",""
"human-golden-queue-v1","df7f0f7182df6c606571901a416f046482b638d2fa8101d7f66a3f7247c30dc2","RATS","1c8c92ebe04cbdf8","4","","","human-review-v1","","",""
"human-golden-queue-v1","df7f0f7182df6c606571901a416f046482b638d2fa8101d7f66a3f7247c30dc2","REACT","782f01c8740417f4","5","","","human-review-v1","","",""
"human-golden-queue-v1","df7f0f7182df6c606571901a416f046482b638d2fa8101d7f66a3f7247c30dc2","READ","f4c2924343af6287","4","","","human-review-v1","","",""
"human-golden-queue-v1","df7f0f7182df6c606571901a416f046482b638d2fa8101d7f66a3f7247c30dc2","RED","8f779c5c4064454f","3","","","human-review-v1","","",""
"human-golden-queue-v1","df7f0f7182df6c606571901a416f046482b638d2fa8101d7f66a3f7247c30dc2","RIG","9e5f777f9bb7853b","3","","","human-review-v1","","",""
"human-golden-queue-v1","df7f0f7182df6c606571901a416f046482b638d2fa8101d7f66a3f7247c30dc2","RIGHT","8fa2696d86279ac9","5","","","human-review-v1","","",""
"human-golden-queue-v1","df7f0f7182df6c606571901a416f046482b638d2fa8101d7f66a3f7247c30dc2","RING","35f617a0b594d7a9","4","","","human-review-v1","","",""
"human-golden-queue-v1","df7f0f7182df6c606571901a416f046482b638d2fa8101d7f66a3f7247c30dc2","ROLE","da7eb44465ba6905","4","","","human-review-v1","","",""
"human-golden-queue-v1","df7f0f7182df6c606571901a416f046482b638d2fa8101d7f66a3f7247c30dc2","ROSE","46b7032d3439b25d","4","","","human-review-v1","","",""
"human-golden-queue-v1","df7f0f7182df6c606571901a416f046482b638d2fa8101d7f66a3f7247c30dc2","ROW","af4c90f944ea2acf","3","","","human-review-v1","","",""
"human-golden-queue-v1","df7f0f7182df6c606571901a416f046482b638d2fa8101d7f66a3f7247c30dc2","SAT","eea666b6fb45cd54","3","","","human-review-v1","","",""
"human-golden-queue-v1","df7f0f7182df6c606571901a416f046482b638d2fa8101d7f66a3f7247c30dc2","SEA","77b866a3ef344fcd","3","","","human-review-v1","","",""
"human-golden-queue-v1","df7f0f7182df6c606571901a416f046482b638d2fa8101d7f66a3f7247c30dc2","SEAR","773fcc2b966636a4","4","","","human-review-v1","","",""
"human-golden-queue-v1","df7f0f7182df6c606571901a416f046482b638d2fa8101d7f66a3f7247c30dc2","SET","d8f186460325dab4","3","","","human-review-v1","","",""
"human-golden-queue-v1","df7f0f7182df6c606571901a416f046482b638d2fa8101d7f66a3f7247c30dc2","SHOE","456b6e0d62abfc9d","4","","","human-review-v1","","",""
"human-golden-queue-v1","df7f0f7182df6c606571901a416f046482b638d2fa8101d7f66a3f7247c30dc2","SIM","491fbbc22231e0fb","3","","","human-review-v1","","",""
"human-golden-queue-v1","df7f0f7182df6c606571901a416f046482b638d2fa8101d7f66a3f7247c30dc2","SING","df0e9862f4aab85b","4","","","human-review-v1","","",""
"human-golden-queue-v1","df7f0f7182df6c606571901a416f046482b638d2fa8101d7f66a3f7247c30dc2","SLIM","84ef642b3595878f","4","","","human-review-v1","","",""
"human-golden-queue-v1","df7f0f7182df6c606571901a416f046482b638d2fa8101d7f66a3f7247c30dc2","SMILE","6121f24ff81098e9","5","","","human-review-v1","","",""
"human-golden-queue-v1","df7f0f7182df6c606571901a416f046482b638d2fa8101d7f66a3f7247c30dc2","SONG","08adf69294eb5d9c","4","","","human-review-v1","","",""
"human-golden-queue-v1","df7f0f7182df6c606571901a416f046482b638d2fa8101d7f66a3f7247c30dc2","SORE","4fddb7eadcc3cd53","4","","","human-review-v1","","",""
"human-golden-queue-v1","df7f0f7182df6c606571901a416f046482b638d2fa8101d7f66a3f7247c30dc2","STALE","7daf66e482befa20","5","","","human-review-v1","","",""
"human-golden-queue-v1","df7f0f7182df6c606571901a416f046482b638d2fa8101d7f66a3f7247c30dc2","STAR","e151e1d9c8a00142","4","","","human-review-v1","","",""
"human-golden-queue-v1","df7f0f7182df6c606571901a416f046482b638d2fa8101d7f66a3f7247c30dc2","STARE","03328dc43e2fc5ae","5","","","human-review-v1","","",""
"human-golden-queue-v1","df7f0f7182df6c606571901a416f046482b638d2fa8101d7f66a3f7247c30dc2","STEAL","29a2b65a5388199e","5","","","human-review-v1","","",""
"human-golden-queue-v1","df7f0f7182df6c606571901a416f046482b638d2fa8101d7f66a3f7247c30dc2","STONE","2928245e6c25dc2d","5","","","human-review-v1","","",""
"human-golden-queue-v1","df7f0f7182df6c606571901a416f046482b638d2fa8101d7f66a3f7247c30dc2","STREAM","d4813a4430babd96","6","","","human-review-v1","","",""
"human-golden-queue-v1","df7f0f7182df6c606571901a416f046482b638d2fa8101d7f66a3f7247c30dc2","SUN","ed4154921ebd3256","3","","","human-review-v1","","",""
"human-golden-queue-v1","df7f0f7182df6c606571901a416f046482b638d2fa8101d7f66a3f7247c30dc2","TACT","f38589bd41ba2f5e","4","","","human-review-v1","","",""
"human-golden-queue-v1","df7f0f7182df6c606571901a416f046482b638d2fa8101d7f66a3f7247c30dc2","TAKER","2e97997d78b116af","5","","","human-review-v1","","",""
"human-golden-queue-v1","df7f0f7182df6c606571901a416f046482b638d2fa8101d7f66a3f7247c30dc2","TALE","4b6070e277373eea","4","","","human-review-v1","","",""
"human-golden-queue-v1","df7f0f7182df6c606571901a416f046482b638d2fa8101d7f66a3f7247c30dc2","TALES","2438e447e888a78c","5","","","human-review-v1","","",""
"human-golden-queue-v1","df7f0f7182df6c606571901a416f046482b638d2fa8101d7f66a3f7247c30dc2","TAME","aaa65c59029fc98f","4","","","human-review-v1","","",""
"human-golden-queue-v1","df7f0f7182df6c606571901a416f046482b638d2fa8101d7f66a3f7247c30dc2","TAMERS","cc9a21183a4ba252","6","","","human-review-v1","","",""
"human-golden-queue-v1","df7f0f7182df6c606571901a416f046482b638d2fa8101d7f66a3f7247c30dc2","TAP","9229b54d941e1e2f","3","","","human-review-v1","","",""
"human-golden-queue-v1","df7f0f7182df6c606571901a416f046482b638d2fa8101d7f66a3f7247c30dc2","TAR","2abf7a2729e51b2b","3","","","human-review-v1","","",""
"human-golden-queue-v1","df7f0f7182df6c606571901a416f046482b638d2fa8101d7f66a3f7247c30dc2","TEA","df4852098317468a","3","","","human-review-v1","","",""
"human-golden-queue-v1","df7f0f7182df6c606571901a416f046482b638d2fa8101d7f66a3f7247c30dc2","TEAL","f8b02897f701f969","4","","","human-review-v1","","",""
"human-golden-queue-v1","df7f0f7182df6c606571901a416f046482b638d2fa8101d7f66a3f7247c30dc2","TEAM","5d2aa3b56b978256","4","","","human-review-v1","","",""
"human-golden-queue-v1","df7f0f7182df6c606571901a416f046482b638d2fa8101d7f66a3f7247c30dc2","TEAR","d303f6cb979ae310","4","","","human-review-v1","","",""
"human-golden-queue-v1","df7f0f7182df6c606571901a416f046482b638d2fa8101d7f66a3f7247c30dc2","TEARS","007fbcfbb81749a0","5","","","human-review-v1","","",""
"human-golden-queue-v1","df7f0f7182df6c606571901a416f046482b638d2fa8101d7f66a3f7247c30dc2","TEN","c1d99dcf9903b318","3","","","human-review-v1","","",""
"human-golden-queue-v1","df7f0f7182df6c606571901a416f046482b638d2fa8101d7f66a3f7247c30dc2","TIME","0b5821eb54e59ec4","4","","","human-review-v1","","",""
"human-golden-queue-v1","df7f0f7182df6c606571901a416f046482b638d2fa8101d7f66a3f7247c30dc2","TONE","299a5d6325d7a482","4","","","human-review-v1","","",""
"human-golden-queue-v1","df7f0f7182df6c606571901a416f046482b638d2fa8101d7f66a3f7247c30dc2","TONES","862e21824e80f7a6","5","","","human-review-v1","","",""
"human-golden-queue-v1","df7f0f7182df6c606571901a416f046482b638d2fa8101d7f66a3f7247c30dc2","TRACE","766e7487e96ca9eb","5","","","human-review-v1","","",""
"human-golden-queue-v1","df7f0f7182df6c606571901a416f046482b638d2fa8101d7f66a3f7247c30dc2","TREE","1b912721b1822acf","4","","","human-review-v1","","",""
"human-golden-queue-v1","df7f0f7182df6c606571901a416f046482b638d2fa8101d7f66a3f7247c30dc2","TSAR","8876c5eab2559b07","4","","","human-review-v1","","",""
"human-golden-queue-v1","df7f0f7182df6c606571901a416f046482b638d2fa8101d7f66a3f7247c30dc2","US","126e1d628f70f473","2","","","human-review-v1","","",""
"human-golden-queue-v1","df7f0f7182df6c606571901a416f046482b638d2fa8101d7f66a3f7247c30dc2","WARTER","c8ba838ec2514aed","6","","","human-review-v1","","",""
"human-golden-queue-v1","df7f0f7182df6c606571901a416f046482b638d2fa8101d7f66a3f7247c30dc2","WATER","7b505a5a4e9947af","5","","","human-review-v1","","",""
"human-golden-queue-v1","df7f0f7182df6c606571901a416f046482b638d2fa8101d7f66a3f7247c30dc2","WOLF","a3a24cbb458b2f32","4","","","human-review-v1","","",""
"human-golden-queue-v1","df7f0f7182df6c606571901a416f046482b638d2fa8101d7f66a3f7247c30dc2","WONDER","4e4e95ee63ac80f9","6","","","human-review-v1","","",""
